Abian, Luvion Usurper|G,R|{5}{R}{G}
Abomination of Llanowar|B,G|{1}{B}{G}
Aboshan, Cephalid Emperor|U|{4}{U}{U}
Academy Ruins|U|
Acornelia, Fashionable Filcher|B,G|{3}{B}
Adamaro, First to Desire|R|{1}{R}{R}
Adeliz, the Cinder Wind|R,U|{1}{U}{R}
Admiral Beckett Brass|B,R,U|{1}{U}{B}{R}
Adriana, Captain of the Guard|R,W|{3}{R}{W}
Adun Oakenshield|B,G,R|{B}{R}{G}
Aesi, Tyrant of Gyre Strait|G,U|{4}{G}{U}
Aetherworks Marvel||{4}
Agrus Kos, Wojek Veteran|R,W|{3}{R}{W}
Ajani Goldmane|W|{2}{W}{W}
Ajani Steadfast|W|{3}{W}
Ajani Unyielding|G,W|{4}{G}{W}
Ajani Vengeant|R,W|{2}{R}{W}
Ajani, Adversary of Tyrants|W|{2}{W}{W}
Ajani, Caller of the Pride|W|{1}{W}{W}
Ajani, Inspiring Leader|W|{4}{W}{W}
Ajani, Mentor of Heroes|G,W|{3}{G}{W}
Ajani, Strength of the Pride|W|{2}{W}{W}
Ajani, Valiant Protector|G,W|{4}{G}{W}
Ajani, Wise Counselor|W|{3}{W}{W}
Ajani, the Greathearted|G,W|{2}{G}{W}
Akim, the Soaring Wind|R,U,W|{2}{U}{R}{W}
Akiri, Fearless Voyager|R,W|{1}{R}{W}
Akiri, Line-Slinger|R,W|{R}{W}
Akki Lavarunner // Tok-Tok, Volcano Born|R|
Akroma's Memorial||{7}
Akroma, Angel of Fury|R|{5}{R}{R}{R}
Akroma, Angel of Wrath|W|{5}{W}{W}{W}
Akroma, Vision of Ixidor|W|{5}{W}{W}
Akuta, Born of Ash|B|{2}{B}{B}
Alela, Artful Provocateur|B,U,W|{1}{W}{U}{B}
Alena, Kessig Trapper|R|{4}{R}
Alesha, Who Smiles at Death|B,R,W|{2}{R}
Alexander Clamilton|R,U|{2}{U}
Alexi, Zephyr Mage|U|{3}{U}{U}
Alhammarret's Archive||{5}
Alhammarret, High Arbiter|U|{5}{U}{U}
Alharu, Solemn Ritualist|W|{4}{W}
Alirios, Enraptured|U|{2}{U}
Alrund, God of the Cosmos // Hakka, Whispering Raven|U|{3}{U}{U}
Amareth, the Lustrous|G,U,W|{3}{G}{W}{U}
Ambassador Laquatus|U|{1}{U}{U}
Aminatou, the Fateshifter|B,U,W|{W}{U}{B}
Anafenza, Kin-Tree Spirit|W|{W}{W}
Anafenza, the Foremost|B,G,W|{W}{B}{G}
Anara, Wolvid Familiar|G|{3}{G}
Anax and Cymede|R,W|{1}{R}{W}
Anax, Hardened in the Forge|R|{1}{R}{R}
Angrath, Captain of Chaos|B,R|{2}{B/R}{B/R}
Angrath, Minotaur Pirate|B,R|{4}{B}{R}
Angrath, the Flame-Chained|B,R|{3}{B}{R}
Angus Mackenzie|G,U,W|{G}{W}{U}
Animar, Soul of Elements|G,R,U|{G}{U}{R}
Anje Falkenrath|B,R|{1}{B}{R}
Anowon, the Ruin Sage|B|{3}{B}{B}
Anowon, the Ruin Thief|B,U|{2}{U}{B}
Anthousa, Setessan Hero|G|{3}{G}{G}
Anya, Merciless Angel|R,W|{3}{R}{W}
Aphemia, the Cacophony|B|{1}{B}
Arahbo, Roar of the World|G,W|{3}{G}{W}
Arashi, the Sky Asunder|G|{3}{G}{G}
Arasta of the Endless Web|G|{2}{G}{G}
Araumi of the Dead Tide|B,U|{1}{U}{B}
Arcades Sabboth|G,U,W|{2}{G}{G}{W}{W}{U}{U}
Arcades, the Strategist|G,U,W|{1}{G}{W}{U}
Arcanis the Omnipotent|U|{3}{U}{U}{U}
Archangel Avacyn // Avacyn, the Purifier|R,W|
Archelos, Lagoon Mystic|B,G,U|{1}{B}{G}{U}
Arcum Dagsson|U|{3}{U}
Ardenn, Intrepid Archaeologist|W|{2}{W}
Arguel's Blood Fast // Temple of Aclazotz|B|
Arixmethes, Slumbering Isle|G,U|{2}{G}{U}
Arjun, the Shifting Flame|R,U|{4}{U}{R}
Arlinn Kord // Arlinn, Embraced by the Moon|G,R|
Arlinn, Voice of the Pack|G|{4}{G}{G}
Armix, Filigree Thrasher|B|{2}{B}
Arvad the Cursed|B,W|{3}{W}{B}
Aryel, Knight of Windgrace|B,W|{2}{W}{B}
Ascendant Evincar|B|{4}{B}{B}
Ashaya, Soul of the Wild|G|{3}{G}{G}
Ashiok, Dream Render|B,U|{1}{U/B}{U/B}
Ashiok, Nightmare Muse|B,U|{3}{U}{B}
Ashiok, Nightmare Weaver|B,U|{1}{U}{B}
Ashiok, Sculptor of Fears|B,U|{4}{U}{B}
Ashling the Pilgrim|R|{1}{R}
Ashling, the Extinguisher|B|{2}{B}{B}
Asmira, Holy Avenger|G,W|{2}{G}{W}
Atalya, Samite Master|W|{3}{W}{W}
Atarka, World Render|G,R|{5}{R}{G}
Atemsis, All-Seeing|U|{3}{U}{U}{U}
Athreos, God of Passage|B,W|{1}{W}{B}
Athreos, Shroud-Veiled|B,W|{4}{W}{B}
Atla Palani, Nest Tender|G,R,W|{1}{R}{G}{W}
Atogatog|B,G,R,U,W|{W}{U}{B}{R}{G}
Atraxa, Praetors' Voice|B,G,U,W|{G}{W}{U}{B}
Atris, Oracle of Half-Truths|B,U|{2}{U}{B}
Aurelia, Exemplar of Justice|R,W|{2}{R}{W}
Aurelia, the Warleader|R,W|{2}{R}{R}{W}{W}
Autumn Willow|G|{4}{G}{G}
Avacyn, Angel of Hope|W|{5}{W}{W}{W}
Avacyn, Guardian Angel|W|{2}{W}{W}{W}
Averna, the Chaos Bloom|G,R,U|{G}{U}{R}
Axelrod Gunnarson|B,R|{4}{B}{B}{R}{R}
Ayara, First of Locthwain|B|{B}{B}{B}
Ayesha Tanaka|U,W|{W}{W}{U}{U}
Ayli, Eternal Pilgrim|B,W|{W}{B}
Ayula, Queen Among Bears|G|{1}{G}
Ayumi, the Last Visitor|G|{3}{G}{G}
Azami, Lady of Scrolls|U|{2}{U}{U}{U}
Azor's Gateway // Sanctum of the Sun||
Azor, the Lawbringer|U,W|{2}{W}{W}{U}{U}
Azusa, Lost but Seeking|G|{2}{G}
B.O.B. (Bevy of Beebles)|U|{3}{U}{U}
Baird, Steward of Argive|W|{2}{W}{W}
Balan, Wandering Knight|W|{2}{W}{W}
Balthor the Defiled|B|{2}{B}{B}
Balthor the Stout|R|{1}{R}{R}
Baral, Chief of Compliance|U|{1}{U}
Barktooth Warbeard|B,R|{4}{B}{R}{R}
Baron Sengir|B|{5}{B}{B}{B}
Baron Von Count|B,R|{1}{B}{R}
Barrin, Master Wizard|U|{1}{U}{U}
Barrin, Tolarian Archmage|U|{1}{U}{U}
Bartel Runeaxe|B,G,R|{3}{B}{R}{G}
Baru, Fist of Krosa|G|{3}{G}{G}
Basandra, Battle Seraph|R,W|{3}{R}{W}
Basri Ket|W|{1}{W}{W}
Basri, Devoted Paladin|W|{4}{W}{W}
Belbe, Corrupted Observer|B,G|{B}{G}
Bell Borca, Spectral Sergeant|R,W|{2}{R}{W}
Ben-Ben, Akki Hermit|R|{2}{R}{R}
Bident of Thassa|U|{2}{U}{U}
Blackblade Reforged||{2}
Bladewing the Risen|B,R|{3}{B}{B}{R}{R}
Blim, Comedic Genius|B,R|{2}{B}{R}
Blind Seer|U|{2}{U}{U}
Bolas's Citadel|B|{3}{B}{B}{B}
Bontu the Glorified|B|{2}{B}
Bontu's Monument||{3}
Borborygmos|G,R|{3}{R}{R}{G}{G}
Borborygmos Enraged|G,R|{4}{R}{R}{G}{G}
Boris Devilboon|B,R|{3}{B}{R}
Boseiju, Who Shelters All||
Bosh, Iron Golem|R|{8}
Bounteous Kirin|G|{5}{G}{G}
Bow of Nylea|G|{1}{G}{G}
Brago, King Eternal|U,W|{2}{W}{U}
Braids, Cabal Minion|B|{2}{B}{B}
Braids, Conjurer Adept|U|{2}{U}{U}
Brallin, Skyshark Rider|R|{3}{R}
Breeches, Brazen Plunderer|R|{3}{R}
Breya, Etherium Shaper|B,R,U,W|{W}{U}{B}{R}
Brigid, Hero of Kinsbaile|W|{2}{W}{W}
Brimaz, King of Oreskos|W|{1}{W}{W}
Brinelin, the Moon Kraken|U|{6}{U}{U}
Brion Stoutarm|R,W|{2}{R}{W}
Brisela, Voice of Nightmares|W|
Brokkos, Apex of Forever|B,G,U|{2}{B}{G}{U}
Brothers Yamazaki|R|{2}{R}
Brudiclad, Telchor Engineer|R,U|{4}{U}{R}
Bruna, Light of Alabaster|U,W|{3}{W}{W}{U}
Bruna, the Fading Light // Brisela, Voice of Nightmares|W|{5}{W}{W}
Bruse Tarl, Boorish Herder|R,W|{2}{R}{W}
Bruvac the Grandiloquent|U|{2}{U}
Budoka Gardener // Dokai, Weaver of Life|G|
Budoka Pupil // Ichiga, Who Topples Oaks|G|
Bushi Tenderfoot // Kenzo the Hardhearted|W|
Cabal Patriarch|B|{3}{B}{B}{B}
Calix, Destiny's Hand|G,W|{2}{G}{W}
Callaphe, Beloved of the Sea|U|{1}{U}{U}
Callow Jushi // Jaraku the Interloper|U|
Cao Cao, Lord of Wei|B|{3}{B}{B}
Cao Ren, Wei Commander|B|{2}{B}{B}
Captain Lannery Storm|R|{2}{R}
Captain Sisay|G,W|{2}{G}{W}
Captain Vargus Wrath|R,U|{U}{R}
Cazur, Ruthless Stalker|G|{3}{G}
Celestial Kirin|W|{2}{W}{W}
Chainer, Dementia Master|B|{3}{B}{B}
Chainer, Nightmare Adept|B,R|{2}{B}{R}
Chandler|R|{4}{R}
Chandra Ablaze|R|{4}{R}{R}
Chandra Nalaar|R|{3}{R}{R}
Chandra's Regulator|R|{1}{R}
Chandra, Acolyte of Flame|R|{1}{R}{R}
Chandra, Awakened Inferno|R|{4}{R}{R}
Chandra, Bold Pyromancer|R|{4}{R}{R}
Chandra, Fire Artisan|R|{2}{R}{R}
Chandra, Fire of Kaladesh // Chandra, Roaring Flame|R|{1}{R}{R}
Chandra, Flame's Catalyst|R|{4}{R}{R}
Chandra, Flame's Fury|R|{4}{R}{R}
Chandra, Flamecaller|R|{4}{R}{R}
Chandra, Gremlin Wrangler|R|{2}{R}{R}
Chandra, Heart of Fire|R|{3}{R}{R}
Chandra, Novice Pyromancer|R|{3}{R}
Chandra, Pyrogenius|R|{4}{R}{R}
Chandra, Pyromaster|R|{2}{R}{R}
Chandra, Torch of Defiance|R|{2}{R}{R}
Chandra, the Firebrand|R|{3}{R}
Charix, the Raging Isle|U|{2}{U}{U}
Chevill, Bane of Monsters|B,G|{B}{G}
Child of Alara|B,G,R,U,W|{W}{U}{B}{R}{G}
Chisei, Heart of Oceans|U|{2}{U}{U}
Cho-Manno, Revolutionary|W|{2}{W}{W}
Chorus of the Conclave|G,W|{4}{G}{G}{W}{W}
Chromatic Orrery||{7}
Chromium|B,U,W|{2}{W}{W}{U}{U}{B}{B}
Chromium, the Mutable|B,U,W|{4}{W}{U}{B}
Chulane, Teller of Tales|G,U,W|{2}{G}{W}{U}
Circu, Dimir Lobotomist|B,U|{2}{U}{B}
Cloudhoof Kirin|U|{3}{U}{U}
Colfenor, the Last Yew|B,G,W|{3}{W}{B}{G}
Commander Eesha|W|{2}{W}{W}
Commander Greven il-Vec|B|{3}{B}{B}{B}
Cromat|B,G,R,U,W|{W}{U}{B}{R}{G}
Crosis, the Purger|B,R,U|{3}{U}{B}{R}
Crovax the Cursed|B|{2}{B}{B}
Crovax, Ascendant Hero|W|{4}{W}{W}
Cunning Bandit // Azamuki, Treachery Incarnate|R|
Dack Fayden|R,U|{1}{U}{R}
Daghatar the Adamant|B,G,W|{3}{W}
Dakkon Blackblade|B,U,W|{2}{W}{U}{U}{B}
Dalakos, Crafter of Wonders|R,U|{1}{U}{R}
Damia, Sage of Stone|B,G,U|{4}{B}{G}{U}
Danitha Capashen, Paragon|W|{2}{W}
Daretti, Ingenious Iconoclast|B,R|{1}{B}{R}
Daretti, Scrap Savant|R|{3}{R}
Dargo, the Shipwrecker|R|{6}{R}
Darien, King of Kjeldor|W|{4}{W}{W}
Darigaaz Reincarnated|B,G,R|{4}{B}{R}{G}
Darigaaz, the Igniter|B,G,R|{3}{B}{R}{G}
Daryl, Hunter of Walkers|G,R|{2}{R}{G}
Daughter of Autumn|G,W|{2}{G}{G}
Davriel, Rogue Shadowmage|B|{2}{B}
Daxos of Meletis|U,W|{1}{W}{U}
Daxos the Returned|B,W|{1}{W}{B}
Daxos, Blessed by the Sun|W|{W}{W}
Day of Destiny|W|{3}{W}
Demonlord Belzenlok|B|{4}{B}{B}
Depala, Pilot Exemplar|R,W|{1}{R}{W}
Derevi, Empyrial Tactician|G,U,W|{G}{W}{U}
Diaochan, Artful Beauty|R|{3}{R}
Djeru, With Eyes Open|W|{3}{W}{W}
Domri Rade|G,R|{1}{R}{G}
Domri, Anarch of Bolas|G,R|{1}{R}{G}
Domri, Chaos Bringer|G,R|{2}{R}{G}
Domri, City Smasher|G,R|{4}{R}{G}
Dong Zhou, the Tyrant|R|{4}{R}
Doran, the Siege Tower|B,G,W|{W}{B}{G}
Dosan the Falling Leaf|G|{1}{G}{G}
Dovin Baan|U,W|{2}{W}{U}
Dovin, Architect of Law|U,W|{4}{W}{U}
Dovin, Grand Arbiter|U,W|{1}{W}{U}
Dovin, Hand of Control|U,W|{2}{W/U}
Dr. Julius Jumblemorph|G,W|{2}{G}{W}
Dragon Throne of Tarkir||{4}
Dragonlord Atarka|G,R|{5}{R}{G}
Dragonlord Dromoka|G,W|{4}{G}{W}
Dragonlord Kolaghan|B,R|{4}{B}{R}
Dragonlord Ojutai|U,W|{3}{W}{U}
Dragonlord Silumgar|B,U|{4}{U}{B}
Drakuseth, Maw of Flames|R|{4}{R}{R}{R}
Dralnu, Lich Lord|B,U|{3}{U}{B}
Drana, Kalastria Bloodchief|B|{3}{B}{B}
Drana, Liberator of Malakir|B|{1}{B}{B}
Drana, the Last Bloodchief|B|{3}{B}{B}
Dromar, the Banisher|B,U,W|{3}{W}{U}{B}
Dromoka, the Eternal|G,W|{3}{G}{W}
Dungeon Master|U,W|{2}{W}{U}
Dwynen, Gilt-Leaf Daen|G|{2}{G}{G}
Edgar Markov|B,R,W|{3}{R}{W}{B}
Edric, Spymaster of Trest|G,U|{1}{G}{U}
Eiganjo Castle|W|
Eight-and-a-Half-Tails|W|{W}{W}
Eladamri, Lord of Leaves|G|{G}{G}
Elbrus, the Binding Blade // Withengar Unbound|B|{7}
Elenda, the Dusk Rose|B,W|{2}{W}{B}
Elesh Norn, Grand Cenobite|W|{5}{W}{W}
Eligeth, Crossroads Augur|U|{4}{U}{U}
Elsha of the Infinite|R,U,W|{2}{U}{R}{W}
Elspeth Tirel|W|{3}{W}{W}
Elspeth, Knight-Errant|W|{2}{W}{W}
Elspeth, Sun's Champion|W|{4}{W}{W}
Elspeth, Sun's Nemesis|W|{2}{W}{W}
Elspeth, Undaunted Hero|W|{2}{W}{W}{W}
Embercleave|R|{4}{R}{R}
Emiel the Blessed|G,W|{2}{W}{W}
Emmara Tandris|G,W|{5}{G}{W}
Emmara, Soul of the Accord|G,W|{G}{W}
Empress Galina|U|{3}{U}{U}
Emrakul, the Aeons Torn||{15}
Emrakul, the Promised End||{13}
Emry, Lurker of the Loch|U|{2}{U}
Endrek Sahr, Master Breeder|B|{4}{B}
Ephara, God of the Polis|U,W|{2}{W}{U}
Erayo, Soratami Ascendant // Erayo's Essence|U|{1}{U}
Erebos, Bleak-Hearted|B|{3}{B}
Erebos, God of the Dead|B|{3}{B}
Eron the Relentless|R|{3}{R}{R}
Ertai, Wizard Adept|U|{2}{U}
Ertai, the Corrupted|B,U,W|{2}{W}{U}{B}
Esika, God of the Tree // The Prismatic Bridge|B,G,R,U,W|{1}{G}{G}
Esior, Wardwing Familiar|U|{1}{U}
Estrid, the Masked|G,U,W|{1}{G}{W}{U}
Etali, Primal Storm|R|{4}{R}{R}
Etrata, the Silencer|B,U|{2}{U}{B}
Eutropia the Twice-Favored|G,U|{1}{G}{U}
Evra, Halcyon Witness|W|{4}{W}{W}
Exava, Rakdos Blood Witch|B,R|{2}{B}{R}
Experiment Kraj|G,U|{2}{G}{G}{U}{U}
Eye of Ugin||
Ezuri, Claw of Progress|G,U|{2}{G}{U}
Ezuri, Renegade Leader|G|{1}{G}{G}
Faithful Squire // Kaiso, Memory of Loyalty|W|
Falthis, Shadowcat Familiar|B|{2}{B}
Fblthp, the Lost|U|{1}{U}
Feather, the Redeemed|R,W|{R}{W}{W}
Feldon of the Third Path|R|{1}{R}{R}
Firesong and Sunspeaker|R,W|{4}{R}{W}
Firja, Judge of Valor|B,W|{2}{W}{B}{B}
Flagstones of Trokair|W|
Forsaken Monument||{5}
Frankie Peanuts|W|{2}{W}{W}
Freyalise, Llanowar's Fury|G|{3}{G}{G}
Fumiko the Lowblood|R|{2}{R}{R}
Gabriel Angelfire|G,W|{3}{G}{G}{W}{W}
Gaddock Teeg|G,W|{G}{W}
Gadrak, the Crown-Scourge|R|{2}{R}
Gadwick, the Wizened|U|{X}{U}{U}{U}
Gaea's Cradle|G|
Gahiji, Honored One|G,R,W|{2}{R}{G}{W}
Gallia of the Endless Dance|G,R|{R}{G}
Gallowbraid|B|{3}{B}{B}
Gargos, Vicious Watcher|G|{3}{G}{G}{G}
Garna, the Bloodflame|B,R|{3}{B}{R}
Garruk Relentless // Garruk, the Veil-Cursed|B,G|{3}{G}
Garruk Wildspeaker|G|{2}{G}{G}
Garruk the Slayer|B,G|
Garruk, Apex Predator|B,G|{5}{B}{G}
Garruk, Caller of Beasts|G|{4}{G}{G}
Garruk, Cursed Huntsman|B,G|{4}{B}{G}
Garruk, Primal Hunter|G|{2}{G}{G}{G}
Garruk, Savage Herald|G|{4}{G}{G}
Garruk, Unleashed|G|{2}{G}{G}
Garza Zol, Plague Queen|B,R,U|{4}{U}{B}{R}
Gavi, Nest Warden|R,U,W|{2}{U}{R}{W}
Geier Reach Sanitarium||
Geist of Saint Traft|U,W|{1}{W}{U}
Gemstone Caverns||
General Jarkeld|W|{3}{W}
General Kudro of Drannith|B,W|{1}{W}{B}
General Tazri|B,G,R,U,W|{4}{W}
Genju of the Realm|B,G,R,U,W|{W}{U}{B}{R}{G}
Gerrard Capashen|W|{3}{W}{W}
Gerrard, Weatherlight Hero|R,W|{2}{R}{W}
Geth, Lord of the Vault|B|{4}{B}{B}
Ghalta, Primal Hunger|G|{10}{G}{G}
Ghave, Guru of Spores|B,G,W|{2}{W}{B}{G}
Ghen, Arcanum Weaver|B,R,W|{R}{W}{B}
Ghired, Conclave Exile|G,R,W|{2}{R}{G}{W}
Ghost Council of Orzhova|B,W|{W}{W}{B}{B}
Ghost of Ramirez DePietro|U|{2}{U}
Ghoulcaller Gisa|B|{3}{B}{B}
Gideon Blackblade|W|{1}{W}{W}
Gideon Jura|W|{3}{W}{W}
Gideon of the Trials|W|{1}{W}{W}
Gideon, Ally of Zendikar|W|{2}{W}{W}
Gideon, Champion of Justice|W|{2}{W}{W}
Gideon, Martial Paragon|W|{4}{W}
Gideon, the Oathsworn|W|{4}{W}{W}
Gilanra, Caller of Wirewood|G|{2}{G}
Gisa and Geralf|B,U|{2}{U}{B}
Gisela, Blade of Goldnight|R,W|{4}{R}{W}{W}
Gisela, the Broken Blade // Brisela, Voice of Nightmares|W|{2}{W}{W}
Gishath, Sun's Avatar|G,R,W|{5}{R}{G}{W}
Glacian, Powerstone Engineer|U|{5}{U}
Gleemax||{1000000}
Glenn, the Voice of Calm|U,W|{1}{W}{U}
Glissa Sunseeker|G|{2}{G}{G}
Glissa, the Traitor|B,G|{B}{G}{G}
Gnostro, Voice of the Crags|R,U,W|{1}{U}{R}{W}
God-Eternal Bontu|B|{3}{B}{B}
God-Eternal Kefnet|U|{2}{U}{U}
God-Eternal Oketra|W|{3}{W}{W}
God-Eternal Rhonas|G|{3}{G}{G}
God-Pharaoh's Statue||{6}
Godo, Bandit Warlord|R|{5}{R}
Gods' Eye, Gate to the Reikai||
Godsend|W|{1}{W}{W}
Golos, Tireless Pilgrim|B,G,R,U,W|{5}
Gonti's Aether Heart||{6}
Gonti, Lord of Luxury|B|{2}{B}{B}
Gor Muldrak, Amphinologist|G,U|{1}{G}{U}
Goreclaw, Terror of Qal Sisma|G|{3}{G}
Gorm the Great|G|{3}{G}
Gosta Dirk|U,W|{3}{W}{W}{U}{U}
Grakmaw, Skyclave Ravager|B,G|{1}{B}{G}
Grand Arbiter Augustin IV|U,W|{2}{W}{U}
Grand Warlord Radha|G,R|{2}{R}{G}
Grandmother Sengir|B|{4}{B}
Greel, Mind Raker|B|{3}{B}{B}
Grenzo, Dungeon Warden|B,R|{X}{B}{R}
Grenzo, Havoc Raiser|R|{R}{R}
Greven, Predator Captain|B,R|{3}{B}{R}
Grimgrin, Corpse-Born|B,U|{3}{U}{B}
Grimlock, Dinobot Leader // Grimlock, Ferocious King|G,R,W|{1}{R}{G}{W}
Grimoire of the Dead||{4}
Griselbrand|B|{4}{B}{B}{B}{B}
Grismold, the Dreadsower|B,G|{1}{B}{G}
Grothama, All-Devouring|G|{3}{G}{G}
Growing Rites of Itlimoc // Itlimoc, Cradle of the Sun|G|
Grumgully, the Generous|G,R|{1}{R}{G}
Grunn, the Lonely King|G|{4}{G}{G}
Grusilda, Monster Masher|B,R|{3}{B}{R}
Guan Yu, Sainted Warrior|W|{3}{W}{W}
Gwafa Hazid, Profiteer|U,W|{1}{W}{U}
Gwendlyn Di Corci|B,R,U|{U}{B}{B}{R}
Gyruda, Doom of Depths|B,U|{4}{U/B}{U/B}
Gyrus, Waker of Corpses|B,G,R|{X}{B}{R}{G}
Haakon, Stromgald Scourge|B|{1}{B}{B}
Hadana's Climb // Winged Temple of Orazca|G,U|
Hakim, Loreweaver|U|{3}{U}{U}
Haktos the Unscarred|R,W|{R}{R}{W}{W}
Halana, Kessig Ranger|G|{3}{G}
Haldan, Avid Arcanist|U|{2}{U}
Halfdane|B,U,W|{1}{W}{U}{B}
Hall of Heliod's Generosity|W|
Hall of Triumph||{3}
Hall of the Bandit Lord||
Hallar, the Firefletcher|G,R|{1}{R}{G}
Halvar, God of Battle // Sword of the Realms|W|{2}{W}{W}
Hammer of Nazahn||{4}
Hammer of Purphoros|R|{1}{R}{R}
Hammerheim|R|
Hamza, Guardian of Arashin|G,W|{4}{G}{W}
Hanna, Ship's Navigator|U,W|{1}{W}{U}
Hans Eriksson|G,R|{2}{R}{G}
Hanweir, the Writhing Township|R|
Hapatra, Vizier of Poisons|B,G|{B}{G}
Hazduhr the Abbot|W|{3}{W}{W}
Hazezon Tamar|G,R,W|{4}{R}{G}{W}
Hazoret the Fervent|R|{3}{R}
Hazoret's Monument||{3}
He Who Hungers|B|{4}{B}
Heart of Kiran||{2}
Heartless Hidetsugu|R|{3}{R}{R}
Heidar, Rimewind Master|U|{4}{U}
Heliod, God of the Sun|W|{3}{W}
Heliod, Sun-Crowned|W|{2}{W}
Helm of Kaldra||{3}
Helm of the Host||{4}
Helvault||{3}
Heroes' Podium||{5}
Higure, the Still Wind|U|{3}{U}{U}
Hikari, Twilight Guardian|W|{3}{W}{W}
Hired Muscle // Scarmaker|B|
Hisoka, Minamo Sensei|U|{2}{U}{U}
Hivis of the Scale|R|{3}{R}{R}
Hixus, Prison Warden|W|{3}{W}{W}
Hogaak, Arisen Necropolis|B,G|{5}{B/G}{B/G}
Hokori, Dust Drinker|W|{2}{W}{W}
Homura, Human Ascendant // Homura's Essence|R|{4}{R}{R}
Honden of Cleansing Fire|W|{3}{W}
Honden of Infinite Rage|R|{2}{R}
Honden of Life's Web|G|{4}{G}
Honden of Night's Reach|B|{3}{B}
Honden of Seeing Winds|U|{4}{U}
Hope of Ghirapur||{1}
Horde of Notions|B,G,R,U,W|{W}{U}{B}{R}{G}
Horobi, Death's Wail|B|{2}{B}{B}
Hua Tuo, Honored Physician|G|{1}{G}{G}
Huang Zhong, Shu General|W|{2}{W}{W}
Huatli, Dinosaur Knight|R,W|{4}{R}{W}
Huatli, Radiant Champion|G,W|{2}{G}{W}
Huatli, Warrior Poet|R,W|{3}{R}{W}
Huatli, the Sun's Heart|G,W|{2}{G/W}
Hunding Gjornersen|U,W|{3}{W}{U}{U}
Hythonia the Cruel|B|{4}{B}{B}
Ib Halfheart, Goblin Tactician|R|{3}{R}
Ich-Tekik, Salvage Splicer|G|{4}{G}
Ihsan's Shade|B|{3}{B}{B}{B}
Iizuka the Ruthless|R|{3}{R}{R}
Ikra Shidiqi, the Usurper|B,G|{3}{B}{G}
Ilharg, the Raze-Boar|R|{3}{R}{R}
Illuna, Apex of Wishes|G,R,U|{2}{G}{U}{R}
Imoti, Celebrant of Bounty|G,U|{3}{G}{U}
In Bolas's Clutches|U|{4}{U}{U}
Inalla, Archmage Ritualist|B,R,U|{2}{U}{B}{R}
Iname as One|B,G|{8}{B}{B}{G}{G}
Iname, Death Aspect|B|{4}{B}{B}
Iname, Life Aspect|G|{4}{G}{G}
Infernal Kirin|B|{2}{B}{B}
Inga Rune-Eyes|U|{3}{U}
Initiate of Blood // Goka the Unjust|R|
Ink-Eyes, Servant of Oni|B|{4}{B}{B}
Inniaz, the Gale Force|U,W|{3}{U}{U}
Intet, the Dreamer|G,R,U|{3}{G}{U}{R}
Inventors' Fair||
Inzerva, Master of Insights|R,U|{1}{2/U}{2/R}
Iona, Shield of Emeria|W|{6}{W}{W}{W}
Irini Sengir|B|{2}{B}{B}
Iroas, God of Victory|R,W|{2}{R}{W}
Isamaru, Hound of Konda|W|{W}
Isao, Enlightened Bushi|G|{2}{G}
Isareth the Awakener|B|{1}{B}{B}
Ishai, Ojutai Dragonspeaker|U,W|{2}{W}{U}
Ishi-Ishi, Akki Crackshot|R|{1}{R}
Ishkanah, Grafwidow|B,G|{4}{G}
Isperia the Inscrutable|U,W|{1}{W}{W}{U}{U}
Isperia, Supreme Judge|U,W|{2}{W}{W}{U}{U}
Ith, High Arcanist|U,W|{5}{W}{U}
Iwamori of the Open Fist|G|{2}{G}{G}
Ixidor, Reality Sculptor|U|{3}{U}{U}
Izoni, Thousand-Eyed|B,G|{2}{B}{B}{G}{G}
Jace Beleren|U|{1}{U}{U}
Jace, Arcane Strategist|U|{4}{U}{U}
Jace, Architect of Thought|U|{2}{U}{U}
Jace, Cunning Castaway|U|{1}{U}{U}
Jace, Ingenious Mind-Mage|U|{4}{U}{U}
Jace, Memory Adept|U|{3}{U}{U}
Jace, Mirror Mage|U|{1}{U}{U}
Jace, Unraveler of Secrets|U|{3}{U}{U}
Jace, Vryn's Prodigy // Jace, Telepath Unbound|U|{1}{U}
Jace, Wielder of Mysteries|U|{1}{U}{U}{U}
Jace, the Living Guildpact|U|{2}{U}{U}
Jace, the Mind Sculptor|U|{2}{U}{U}
Jacques le Vert|G,R,W|{1}{R}{G}{W}
Jalira, Master Polymorphist|U|{3}{U}
Jalum Grifter|R|{3}{R}{R}
Jarad, Golgari Lich Lord|B,G|{B}{B}{G}{G}
Jared Carthalion, True Heir|G,R,W|{R}{G}{W}
Jareth, Leonine Titan|W|{3}{W}{W}{W}
Jasmine Boreal|G,W|{3}{G}{W}
Jaya Ballard|R|{2}{R}{R}{R}
Jaya Ballard, Task Mage|R|{1}{R}{R}
Jaya's Immolating Inferno|R|{X}{R}{R}
Jaya, Venerated Firemage|R|{4}{R}
Jazal Goldmane|W|{2}{W}{W}
Jedit Ojanen|U,W|{4}{W}{W}{U}
Jedit Ojanen of Efrava|G|{3}{G}{G}{G}
Jegantha, the Wellspring|B,G,R,U,W|{4}{R/G}
Jeleva, Nephalia's Scourge|B,R,U|{1}{U}{B}{R}
Jenara, Asura of War|G,U,W|{G}{W}{U}
Jerrard of the Closed Fist|G,R|{3}{R}{G}{G}
Jeska, Thrice Reborn|R|{2}{R}
Jeska, Warrior Adept|R|{2}{R}{R}
Jhoira of the Ghitu|R,U|{1}{U}{R}
Jhoira, Weatherlight Captain|R,U|{2}{U}{R}
Jiang Yanggu|G|{4}{G}
Jiang Yanggu, Wildcrafter|G|{2}{G}
Jin-Gitaxias, Core Augur|U|{8}{U}{U}
Jirina Kudro|B,R,W|{1}{R}{W}{B}
Jiwari, the Earth Aflame|R|{3}{R}{R}
Jodah, Archmage Eternal|B,G,R,U,W|{1}{U}{R}{W}
Johan|G,R,W|{3}{R}{G}{W}
Johnny, Combo Player|U|{2}{U}{U}
Jolrael, Empress of Beasts|G|{3}{G}{G}
Jolrael, Mwonvuli Recluse|G|{1}{G}
Jor Kadeen, the Prevailer|R,W|{3}{R}{W}
Jori En, Ruin Diver|R,U|{1}{U}{R}
Josu Vess, Lich Knight|B|{2}{B}{B}
Journey to Eternity // Atzal, Cave of Eternity|B,G|
Joven|R|{3}{R}{R}
Judith, the Scourge Diva|B,R|{1}{B}{R}
Jugan, the Rising Star|G|{3}{G}{G}{G}
Juri, Master of the Revue|B,R|{B}{R}
Jushi Apprentice // Tomoya the Revealer|U|
K'rrik, Son of Yawgmoth|B|{4}{B/P}{B/P}{B/P}
Kaalia of the Vast|B,R,W|{1}{R}{W}{B}
Kaalia, Zenith Seeker|B,R,W|{R}{W}{B}
Kadena, Slinking Sorcerer|B,G,U|{1}{B}{G}{U}
Kaervek the Merciless|B,R|{5}{B}{R}
Kaervek, the Spiteful|B|{2}{B}{B}
Kagemaro, First to Suffer|B|{3}{B}{B}
Kaheera, the Orphanguard|G,W|{1}{G/W}{G/W}
Kaho, Minamo Historian|U|{2}{U}{U}
Kalamax, the Stormsire|G,R,U|{1}{G}{U}{R}
Kalemne, Disciple of Iroas|R,W|{2}{R}{W}
Kalitas, Bloodchief of Ghet|B|{5}{B}{B}
Kalitas, Traitor of Ghet|B|{2}{B}{B}
Kamahl's Druidic Vow|G|{X}{G}{G}
Kamahl, Fist of Krosa|G|{4}{G}{G}
Kamahl, Heart of Krosa|G|{6}{G}{G}
Kamahl, Pit Fighter|R|{4}{R}{R}
Kambal, Consul of Allocation|B,W|{1}{W}{B}
Kami of the Crescent Moon|U|{U}{U}
Kangee, Aerie Keeper|U,W|{2}{W}{U}
Kangee, Sky Warden|U,W|{3}{W}{U}
Karador, Ghost Chieftain|B,G,W|{5}{W}{B}{G}
Karakas|W|
Karametra, God of Harvests|G,W|{3}{G}{W}
Kari Zev, Skyship Raider|R|{1}{R}
Karlov of the Ghost Council|B,W|{W}{B}
Karn Liberated||{7}
Karn's Temporal Sundering|U|{4}{U}{U}
Karn, Scion of Urza||{4}
Karn, Silver Golem||{5}
Karn, the Great Creator||{4}
Karona, False God|B,G,R,U,W|{1}{W}{U}{B}{R}{G}
Karrthus, Tyrant of Jund|B,G,R|{4}{B}{R}{G}
Kaseto, Orochi Archmage|G,U|{1}{G}{U}
Kasimir the Lone Wolf|U,W|{4}{W}{U}
Kasmina, Enigmatic Mentor|U|{3}{U}
Kataki, War's Wage|W|{1}{W}
Kathril, Aspect Warper|B,G,W|{2}{W}{B}{G}
Kaya the Inexorable|B,W|{3}{W}{B}
Kaya, Bane of the Dead|B,W|{3}{W/B}{W/B}{W/B}
Kaya, Ghost Assassin|B,W|{2}{W}{B}
Kaya, Ghost Haunter|B,W|{2}{W}{B}
Kaya, Orzhov Usurper|B,W|{1}{W}{B}
Kaysa|G|{3}{G}{G}
Kaza, Roil Chaser|R,U|{U}{R}
Kazarov, Sengir Pureblood|B,R|{5}{B}{B}
Kazuul, Tyrant of the Cliffs|R|{3}{R}{R}
Kediss, Emberclaw Familiar|R|{1}{R}
Kefnet the Mindful|U|{2}{U}
Kefnet's Monument||{3}
Kei Takahashi|G,W|{2}{G}{W}
Keiga, the Tide Star|U|{5}{U}
Keldon Necropolis|R|
Keleth, Sunmane Familiar|W|{1}{W}
Kels, Fight Fixer|B,U|{2}{B}{B}
Kelsien, the Plague|B,R,W|{R}{W}{B}
Kemba, Kha Regent|W|{1}{W}{W}
Kenrith, the Returned King|B,G,R,U,W|{4}{W}
Kentaro, the Smiling Cat|W|{1}{W}
Keranos, God of Storms|R,U|{3}{U}{R}
Keruga, the Macrosage|G,U|{3}{G/U}{G/U}
Keskit, the Flesh Sculptor|B|{2}{B}
Kess, Dissident Mage|B,R,U|{1}{U}{B}{R}
Kestia, the Cultivator|G,U,W|{1}{G}{W}{U}
Kethis, the Hidden Hand|B,G,W|{W}{B}{G}
Kharis & The Beholder|G,W|{1}{G}{G}{W}{W}
Kher Keep|R|
Khod, Etlan Shiis Envoy|U|{2}{U}
Khorvath Brightflame|R|{5}{R}
Kiki-Jiki, Mirror Breaker|R|{2}{R}{R}{R}
Kiku, Night's Flower|B|{B}{B}
Kindslaver||{5}
King Macar, the Gold-Cursed|B|{2}{B}{B}
Kinnan, Bonder Prodigy|G,U|{G}{U}
Kiora, Behemoth Beckoner|G,U|{2}{G/U}
Kiora, Master of the Depths|G,U|{2}{G}{U}
Kiora, the Crashing Wave|G,U|{2}{G}{U}
Kira, Great Glass-Spinner|U|{1}{U}{U}
Kitsune Mystic // Autumn-Tail, Kitsune Sage|W|
Kiyomaro, First to Stand|W|{3}{W}{W}
Klothys, God of Destiny|G,R|{1}{R}{G}
Kodama of the Center Tree|G|{4}{G}
Kodama of the East Tree|G|{4}{G}{G}
Kodama of the North Tree|G|{2}{G}{G}{G}
Kodama of the South Tree|G|{2}{G}{G}
Kogla, the Titan Ape|G|{3}{G}{G}{G}
Kokusho, the Evening Star|B|{4}{B}{B}
Kolaghan, the Storm's Fury|B,R|{3}{B}{R}
Koll, the Forgemaster|R,W|{R}{W}
Kolvori, God of Kinship // The Ringheart Crest|G|{2}{G}{G}
Koma, Cosmos Serpent|G,U|{3}{G}{G}{U}{U}
Konda's Banner||{2}
Konda, Lord of Eiganjo|W|{5}{W}{W}
Kongming, "Sleeping Dragon"|W|{2}{W}{W}
Kopala, Warden of Waves|U|{1}{U}{U}
Kor Haven|W|
Korlash, Heir to Blackblade|B|{2}{B}{B}
Korvold, Fae-Cursed King|B,G,R|{2}{B}{R}{G}
Koth of the Hammer|R|{2}{R}{R}
Kothophed, Soul Hoarder|B|{4}{B}{B}
Kozilek, Butcher of Truth||{10}
Kozilek, the Great Distortion||{8}{C}{C}
Krark's Other Thumb||{2}
Krark's Thumb||{2}
Krark, the Thumbless|R|{1}{R}
Kraum, Ludevic's Opus|R,U|{3}{U}{R}
Krav, the Unredeemed|B|{4}{B}
Krenko, Mob Boss|R|{2}{R}{R}
Krenko, Tin Street Kingpin|R|{2}{R}
Kresh the Bloodbraided|B,G,R|{2}{B}{R}{G}
Krond the Dawn-Clad|G,W|{G}{G}{G}{W}{W}{W}
Kroxa, Titan of Death's Hunger|B,R|{B}{R}
Kruphix, God of Horizons|G,U|{3}{G}{U}
Kumano, Master Yamabushi|R|{3}{R}{R}
Kumena, Tyrant of Orazca|G,U|{1}{G}{U}
Kunoros, Hound of Athreos|B,W|{1}{W}{B}
Kuon, Ogre Ascendant // Kuon's Essence|B|{B}{B}{B}
Kurkesh, Onakke Ancient|R|{2}{R}{R}
Kuro, Pitlord|B|{6}{B}{B}{B}
Kwain, Itinerant Meddler|U,W|{W}{U}
Kwende, Pride of Femeref|W|{3}{W}
Kydele, Chosen of Kruphix|G,U|{2}{G}{U}
Kykar, Wind's Fury|R,U,W|{1}{U}{R}{W}
Kynaios and Tiro of Meletis|G,R,U,W|{R}{G}{W}{U}
Kyoki, Sanity's Eclipse|B|{4}{B}{B}
Kytheon, Hero of Akros // Gideon, Battle-Forged|W|{W}
Lady Caleria|G,W|{3}{G}{G}{W}{W}
Lady Evangela|B,U,W|{W}{U}{B}
Lady Orca|B,R|{5}{B}{R}
Lady Sun|U|{1}{U}{U}
Lady Zhurong, Warrior Queen|G|{4}{G}
Lathiel, the Bounteous Dawn|G,W|{2}{G}{W}
Lathliss, Dragon Queen|R|{4}{R}{R}
Lathril, Blade of the Elves|B,G|{2}{B}{G}
Latulla, Keldon Overseer|R|{3}{R}{R}
Lavinia of the Tenth|U,W|{3}{W}{U}
Lavinia, Azorius Renegade|U,W|{W}{U}
Lazav, Dimir Mastermind|B,U|{U}{U}{B}{B}
Lazav, the Multifarious|B,U|{U}{B}
Legacy Weapon|B,G,R,U,W|{7}
Legion's Landing // Adanto, the First Fort|W|
Lena, Selfless Champion|W|{4}{W}{W}
Leovold, Emissary of Trest|B,G,U|{B}{G}{U}
Lich's Mastery|B|{3}{B}{B}{B}
Licia, Sanguine Tribune|B,R,W|{5}{R}{W}{B}
Liesa, Shroud of Dusk|B,W|{2}{W}{W}{B}
Lieutenant Kirtar|W|{1}{W}{W}
Liliana Vess|B|{3}{B}{B}
Liliana of the Dark Realms|B|{2}{B}{B}
Liliana of the Veil|B|{1}{B}{B}
Liliana, Death Mage|B|{4}{B}{B}
Liliana, Death Wielder|B|{5}{B}{B}
Liliana, Death's Majesty|B|{3}{B}{B}
Liliana, Dreadhorde General|B|{4}{B}{B}
Liliana, Heretical Healer // Liliana, Defiant Necromancer|B|{1}{B}{B}
Liliana, Untouched by Death|B|{2}{B}{B}
Liliana, Waker of the Dead|B|{2}{B}{B}
Liliana, the Last Hope|B|{1}{B}{B}
Liliana, the Necromancer|B|{3}{B}{B}
Lim-Dûl the Necromancer|B|{5}{B}{B}
Lin Sivvi, Defiant Hero|W|{1}{W}{W}
Linden, the Steadfast Queen|W|{W}{W}{W}
Linessa, Zephyr Mage|U|{3}{U}
Linvala, Keeper of Silence|W|{2}{W}{W}
Linvala, Shield of Sea Gate|U,W|{1}{W}{U}
Linvala, the Preserver|W|{4}{W}{W}
Lithoform Engine||{4}
Liu Bei, Lord of Shu|W|{3}{W}{W}
Livio, Oathsworn Sentinel|W|{1}{W}
Livonya Silone|G,R|{2}{R}{R}{G}{G}
Llawan, Cephalid Empress|U|{3}{U}
Lord Magnus|G,W|{3}{G}{W}{W}
Lord Windgrace|B,G,R|{2}{B}{R}{G}
Lord of Tresserhorn|B,R,U|{1}{U}{B}{R}
Lorthos, the Tidemaker|U|{5}{U}{U}{U}
Louvaq, the Aberrant|G,U|{2}{G}{U}
Lovisa Coldeyes|R|{3}{R}{R}
Lu Bu, Master-at-Arms|R|{5}{R}
Lu Meng, Wu General|U|{3}{U}{U}
Lu Su, Wu Advisor|U|{3}{U}{U}
Lu Xun, Scholar General|U|{2}{U}{U}
Lucille|B|{1}{B}
Ludevic, Necro-Alchemist|R,U|{1}{U}{R}
Lukka, Coppercoat Outcast|R|{3}{R}{R}
Lurrus of the Dream-Den|B,W|{1}{W/B}{W/B}
Lutri, the Spellchaser|R,U|{1}{U/R}{U/R}
Lyra Dawnbringer|W|{3}{W}{W}
Lyzolda, the Blood Witch|B,R|{1}{B}{R}
M'Odo, the Gnarled Oracle|B,G,U|{B}{U}{G}
Ma Chao, Western Warrior|R|{3}{R}{R}
Maelstrom Wanderer|G,R,U|{5}{G}{U}{R}
Maga, Traitor to Mortals|B|{X}{B}{B}{B}
Magda, Brazen Outlaw|R|{1}{R}
Mageta the Lion|W|{3}{W}{W}
Mairsil, the Pretender|B,R,U|{1}{U}{B}{R}
Major Teroh|W|{3}{W}
Malcolm, Keen-Eyed Navigator|U|{2}{U}
Malfegor|B,R|{2}{B}{B}{R}{R}
Mangara of Corondor|W|{1}{W}{W}
Mangara, the Diplomat|W|{3}{W}
Mannichi, the Fevered Dream|R|{2}{R}
Maralen of the Mornsong|B|{1}{B}{B}
Marath, Will of the Wild|G,R,W|{R}{G}{W}
Maraxus of Keld|R|{4}{R}{R}
Marchesa, the Black Rose|B,R,U|{1}{U}{B}{R}
Marhault Elsdragon|G,R|{3}{R}{R}{G}
Marisi, Breaker of the Coil|G,R,W|{1}{R}{G}{W}
Marrow-Gnawer|B|{3}{B}{B}
Marwyn, the Nurturer|G|{2}{G}
Mary O'Kill|B,R|{5}{B/R}
Masako the Humorless|W|{2}{W}
Massacre Girl|B|{3}{B}{B}
Masumaro, First to Live|G|{3}{G}{G}{G}
Mathas, Fiend Seeker|B,R,W|{R}{W}{B}
Mavren Fein, Dusk Apostle|W|{2}{W}
Mayael the Anima|G,R,W|{R}{G}{W}
Mazirek, Kraul Death Priest|B,G|{3}{B}{G}
Medomai the Ageless|U,W|{4}{W}{U}
Meishin, the Mind Cage|U|{4}{U}{U}{U}
Melek, Izzet Paragon|R,U|{4}{U}{R}
Melira, Sylvok Outcast|G|{1}{G}
Meloku the Clouded Mirror|U|{4}{U}
Memnarch|U|{7}
Meng Huo, Barbarian King|G|{3}{G}{G}
Meren of Clan Nel Toth|B,G|{2}{B}{G}
Merieke Ri Berit|B,U,W|{W}{U}{B}
Miara, Thorn of the Glade|B|{1}{B}
Michiko Konda, Truth Seeker|W|{3}{W}
Michonne, Ruthless Survivor|B,G|{3}{B}{G}
Mikaeus, the Lunarch|W|{X}{W}
Mikaeus, the Unhallowed|B|{3}{B}{B}{B}
Mikokoro, Center of the Sea||
Mina and Denn, Wildborn|G,R|{2}{R}{G}
Minamo, School at Water's Edge|U|
Mindslaver||{6}
Mirari||{5}
Miren, the Moaning Well||
Mirko Vosk, Mind Drinker|B,U|{3}{U}{B}
Mirri the Cursed|B|{2}{B}{B}
Mirri, Cat Warrior|G|{1}{G}{G}
Mirri, Weatherlight Duelist|G,W|{1}{G}{W}
Mishra, Artificer Prodigy|B,R,U|{1}{U}{B}{R}
Mistform Ultimus|U|{3}{U}
Mizzix of the Izmagnus|R,U|{2}{U}{R}
Mogis, God of Slaughter|B,R|{2}{B}{R}
Molimo, Maro-Sorcerer|G|{4}{G}{G}{G}
Momir Vig, Simic Visionary|G,U|{3}{G}{U}
Moraug, Fury of Akoum|R|{4}{R}{R}
Morinfen|B|{3}{B}{B}
Morophon, the Boundless|B,G,R,U,W|{7}
Mowu, Loyal Companion|G|{3}{G}
Mox Amber||{0}
Mox Opal||{0}
Mu Yanling|U|{4}{U}{U}
Mu Yanling, Celestial Wind|U|{4}{U}{U}
Mu Yanling, Sky Dancer|U|{1}{U}{U}
Muldrotha, the Gravetide|B,G,U|{3}{B}{G}{U}
Multani, Maro-Sorcerer|G|{4}{G}{G}
Multani, Yavimaya's Avatar|G|{4}{G}{G}
Munda, Ambush Leader|R,W|{2}{R}{W}
Muxus, Goblin Grandee|R|{4}{R}{R}
Muzzio, Visionary Architect|U|{1}{U}{U}
Myojin of Cleansing Fire|W|{5}{W}{W}{W}
Myojin of Infinite Rage|R|{7}{R}{R}{R}
Myojin of Life's Web|G|{6}{G}{G}{G}
Myojin of Night's Reach|B|{5}{B}{B}{B}
Myojin of Seeing Winds|U|{7}{U}{U}{U}
Márton Stromgald|R|{2}{R}{R}
Naban, Dean of Iteration|U|{1}{U}
Nadier, Agent of the Duskenel|B|{5}{B}
Nagao, Bound by Honor|W|{3}{W}
Nahiri, Heir of the Ancients|R,W|{2}{R}{W}
Nahiri, Storm of Stone|R,W|{2}{R/W}{R/W}
Nahiri, the Harbinger|R,W|{2}{R}{W}
Nahiri, the Lithomancer|W|{3}{W}{W}
Najeela, the Blade-Blossom|B,G,R,U,W|{2}{R}
Narset Transcendent|U,W|{2}{W}{U}
Narset of the Ancient Way|R,U,W|{1}{U}{R}{W}
Narset, Enlightened Master|R,U,W|{3}{U}{R}{W}
Narset, Parter of Veils|U|{1}{U}{U}
Naru Meha, Master Wizard|U|{2}{U}{U}
Nath of the Gilt-Leaf|B,G|{3}{B}{G}
Nazahn, Revered Bladesmith|G,W|{4}{G}{W}
Nebuchadnezzar|B,U|{3}{U}{B}
Nefarox, Overlord of Grixis|B|{4}{B}{B}
Negan, the Cold-Blooded|B,R,W|{2}{R}{W}{B}
Neheb, Dreadhorde Champion|R|{2}{R}{R}
Neheb, the Eternal|R|{3}{R}{R}
Neheb, the Worthy|B,R|{1}{B}{R}
Nekusar, the Mindrazer|B,R,U|{2}{U}{B}{R}
Nemata, Grove Guardian|G|{4}{G}{G}
Nethroi, Apex of Death|B,G,W|{2}{W}{B}{G}
Nevinyrral, Urborg Tyrant|B,U,W|{3}{W}{U}{B}
Neyith of the Dire Hunt|G,R|{2}{G}{G}
Nezahal, Primal Tide|U|{5}{U}{U}
Nezumi Graverobber // Nighteyes the Desecrator|B|
Nezumi Shortfang // Stabwhisker the Odious|B|
Niambi, Esteemed Speaker|U,W|{W}{U}
Niambi, Faithful Healer|U,W|{1}{W}{U}
Nicol Bolas|B,R,U|{2}{U}{U}{B}{B}{R}{R}
Nicol Bolas, Dragon-God|B,R,U|{U}{B}{B}{B}{R}
Nicol Bolas, God-Pharaoh|B,R,U|{4}{U}{B}{R}
Nicol Bolas, Planeswalker|B,R,U|{4}{U}{B}{B}{R}
Nicol Bolas, the Deceiver|B,R,U|{5}{U}{B}{R}
Nicol Bolas, the Ravager // Nicol Bolas, the Arisen|B,R,U|{1}{U}{B}{R}
Night of Souls' Betrayal|B|{2}{B}{B}
Nightmare Moon // Princess Luna|B|{4}{B}{B}
Nikara, Lair Scavenger|B|{2}{B}
Niko Aris|U,W|{X}{W}{U}{U}
Nikya of the Old Ways|G,R|{3}{R}{G}
Nin, the Pain Artist|R,U|{U}{R}
Nira, Hellkite Duelist|B,G,R,U,W|{W}{U}{B}{R}{G}
Nissa Revane|G|{2}{G}{G}
Nissa of Shadowed Boughs|B,G|{2}{B}{G}
Nissa, Genesis Mage|G|{5}{G}{G}
Nissa, Nature's Artisan|G|{4}{G}{G}
Nissa, Steward of Elements|G,U|{X}{G}{U}
Nissa, Vastwood Seer // Nissa, Sage Animist|G|{2}{G}
Nissa, Vital Force|G|{3}{G}{G}
Nissa, Voice of Zendikar|G|{1}{G}{G}
Nissa, Who Shakes the World|G|{3}{G}{G}
Nissa, Worldwaker|G|{3}{G}{G}
Niv-Mizzet Reborn|B,G,R,U,W|{W}{U}{B}{R}{G}
Niv-Mizzet, Dracogenius|R,U|{2}{U}{U}{R}{R}
Niv-Mizzet, Parun|R,U|{U}{U}{U}{R}{R}{R}
Niv-Mizzet, the Firemind|R,U|{2}{U}{U}{R}{R}
Norin the Wary|R|{R}
Noyan Dar, Roil Shaper|U,W|{3}{W}{U}
Numa, Joraga Chieftain|G|{2}{G}
Numot, the Devastator|R,U,W|{3}{U}{R}{W}
Nykthos, Shrine to Nyx||
Nylea, God of the Hunt|G|{3}{G}
Nylea, Keen-Eyed|G|{3}{G}
Nymris, Oona's Trickster|B,U|{3}{U}{B}
Nyx Lotus||{4}
O-Kagachi, Vengeful Kami|B,G,R,U,W|{1}{W}{U}{B}{R}{G}
Oath of Ajani|G,W|{G}{W}
Oath of Chandra|R|{1}{R}
Oath of Gideon|W|{2}{W}
Oath of Jace|U|{2}{U}
Oath of Kaya|B,W|{1}{W}{B}
Oath of Liliana|B|{2}{B}
Oath of Nissa|G|{G}
Oath of Teferi|U,W|{3}{W}{U}
Oathkeeper, Takeno's Daisho||{3}
Ob Nixilis Reignited|B|{3}{B}{B}
Ob Nixilis of the Black Oath|B|{3}{B}{B}
Ob Nixilis, Unshackled|B|{4}{B}{B}
Ob Nixilis, the Fallen|B|{3}{B}{B}
Ob Nixilis, the Hate-Twisted|B|{3}{B}{B}
Obeka, Brute Chronologist|B,R,U|{1}{U}{B}{R}
Oboro, Palace in the Clouds|U|
Obosh, the Preypiercer|B,R|{3}{B/R}{B/R}
Obuun, Mul Daya Ancestor|G,R,W|{1}{R}{G}{W}
Obzedat, Ghost Council|B,W|{1}{W}{W}{B}{B}
Odric, Lunarch Marshal|W|{3}{W}
Odric, Master Tactician|W|{2}{W}{W}
Ojutai, Soul of Winter|U,W|{5}{W}{U}
Okaun, Eye of Chaos|R|{4}{R}
Oketra the True|W|{3}{W}
Oketra's Monument||{3}
Okina, Temple to the Grandfathers|G|
Oko, Thief of Crowns|G,U|{1}{G}{U}
Oko, the Trickster|G,U|{4}{G}{U}
Ol' Buzzbark|G,R|{X}{R}{G}
Olivia Voldaren|B,R|{2}{B}{R}
Olivia, Mobilized for War|B,R|{1}{B}{R}
Oloro, Ageless Ascetic|B,U,W|{3}{W}{U}{B}
Omnath, Locus of Creation|G,R,U,W|{R}{G}{W}{U}
Omnath, Locus of Mana|G|{2}{G}
Omnath, Locus of Rage|G,R|{3}{R}{R}{G}{G}
Omnath, Locus of the Roil|G,R,U|{1}{G}{U}{R}
On Serra's Wings|W|{3}{W}
Oona, Queen of the Fae|B,U|{3}{U/B}{U/B}{U/B}
Opal-Eye, Konda's Yojimbo|W|{1}{W}{W}
Orah, Skyclave Hierophant|B,W|{2}{W}{B}
Orim, Samite Healer|W|{1}{W}{W}
Oriss, Samite Guardian|W|{1}{W}{W}
Ormos, Archive Keeper|U|{4}{U}{U}
Orochi Eggwatcher // Shidako, Broodmistress|G|
Oros, the Avenger|B,R,W|{3}{R}{W}{B}
Otrimi, the Ever-Playful|B,G,U|{3}{B}{G}{U}
Oviya Pashiri, Sage Lifecrafter|G|{G}
Oyobi, Who Split the Heavens|W|{6}{W}
Padeem, Consul of Innovation|U|{3}{U}
Pako, Arcane Retriever|G,R|{3}{R}{G}
Paliano, the High City||
Palladia-Mors|G,R,W|{2}{R}{R}{G}{G}{W}{W}
Palladia-Mors, the Ruiner|G,R,W|{3}{R}{G}{W}
Pang Tong, "Young Phoenix"|W|{1}{W}{W}
Paradox Engine||{5}
Parhelion II|W|{6}{W}{W}
Pashalik Mons|R|{2}{R}
Path of Mettle // Metzali, Tower of Triumph|R,W|
Patron of the Akki|R|{4}{R}{R}
Patron of the Kitsune|W|{4}{W}{W}
Patron of the Moon|U|{5}{U}{U}
Patron of the Nezumi|B|{5}{B}{B}
Patron of the Orochi|G|{6}{G}{G}
Pavel Maliki|B,R|{4}{B}{R}
Pendelhaven|G|
Phage the Untouchable|B|{3}{B}{B}{B}{B}
Pharika, God of Affliction|B,G|{1}{B}{G}
Phelddagrif|G,U,W|{1}{G}{W}{U}
Phenax, God of Deception|B,U|{3}{U}{B}
Phoebe, Head of S.N.E.A.K.|B,U|{1}{U}{B}
Phylath, World Sculptor|G,R|{4}{R}{G}
Phyrexian Tower|B|
Pia Nalaar|R|{2}{R}
Pia and Kiran Nalaar|R|{2}{R}{R}
Pianna, Nomad Captain|W|{1}{W}{W}
Pippa, Duchess of Dice|G,U|{2}{G}
Pir, Imaginative Rascal|G|{2}{G}
Planar Bridge||{6}
Polukranos, Unchained|B,G|{2}{B}{G}
Polukranos, World Eater|G|{2}{G}{G}
Pramikon, Sky Rampart|R,U,W|{U}{R}{W}
Prava of the Steel Legion|W|{2}{W}
Predator, Flagship||{5}
Prime Speaker Vannifar|G,U|{2}{G}{U}
Prime Speaker Zegana|G,U|{2}{G}{G}{U}{U}
Primevals' Glorious Rebirth|B,W|{5}{W}{B}
Princess Lucrezia|B,U|{3}{U}{U}{B}
Princess Twilight Sparkle|B,G,R,U,W|{W}{U}
Profane Procession // Tomb of the Dusk Rose|B,W|
Progenitus|B,G,R,U,W|{W}{W}{U}{U}{B}{B}{R}{R}{G}{G}
Prossh, Skyraider of Kher|B,G,R|{3}{B}{R}{G}
Purphoros, Bronze-Blooded|R|{4}{R}
Purphoros, God of the Forge|R|{3}{R}
Purraj of Urborg|B|{3}{B}{B}
Pyromancer's Goggles|R|{5}
Queen Marchesa|B,R,W|{1}{R}{W}{B}
Questing Beast|G|{2}{G}{G}
R&D's Secret Lair||
Radha, Heart of Keld|G,R|{1}{R}{G}
Radha, Heir to Keld|G,R|{R}{G}
Radiant, Archangel|W|{3}{W}{W}
Radiant, Serra Archangel|W|{6}{W}
Raff Capashen, Ship's Mage|U,W|{2}{W}{U}
Rafiq of the Many|G,U,W|{1}{G}{W}{U}
Ragnar|G,U,W|{G}{W}{U}
Rakdos the Defiler|B,R|{2}{B}{B}{R}{R}
Rakdos, Lord of Riots|B,R|{B}{B}{R}{R}
Rakdos, the Showstopper|B,R|{4}{B}{R}
Rakka Mar|R|{2}{R}{R}
Raksha Golden Cub|W|{5}{W}{W}
Ral Zarek|R,U|{2}{U}{R}
Ral, Caller of Storms|R,U|{4}{U}{R}
Ral, Izzet Viceroy|R,U|{3}{U}{R}
Ral, Storm Conduit|R,U|{2}{U}{R}
Ramirez DePietro|B,U|{3}{U}{B}{B}
Ramos, Dragon Engine|B,G,R,U,W|{6}
Ramses Overdark|B,U|{2}{U}{U}{B}{B}
Ranar the Ever-Watchful|U,W|{2}{W}{U}
Rankle, Master of Pranks|B|{2}{B}{B}
Rarity|U,W|{1}{W}{U}
Rashida Scalebane|W|{3}{W}{W}
Rashka the Slayer|W|{3}{W}{W}
Rashmi, Eternities Crafter|G,U|{2}{G}{U}
Rasputin Dreamweaver|U,W|{4}{W}{U}
Rath's Edge||
Ravos, Soultender|B,W|{3}{W}{B}
Rayami, First of the Fallen|B,G,U|{1}{B}{G}{U}
Rayne, Academy Chancellor|U|{2}{U}
Razaketh, the Foulblooded|B|{5}{B}{B}{B}
Razia, Boros Archangel|R,W|{4}{R}{R}{W}{W}
Reaper King|B,G,R,U,W|{2/W}{2/U}{2/B}{2/R}{2/G}
Rebbec, Architect of Ascension|W|{3}{W}
Regna, the Redeemer|W|{5}{W}
Reki, the History of Kamigawa|G|{2}{G}
Renata, Called to the Hunt|G|{2}{G}{G}
Reveka, Wizard Savant|U|{2}{U}{U}
Reya Dawnbringer|W|{6}{W}{W}{W}
Reyav, Master Smith|R,W|{R}{W}
Reyhan, Last of the Abzan|B,G|{1}{B}{G}
Rhonas the Indomitable|G|{2}{G}
Rhonas's Monument||{3}
Rhys the Exiled|B,G|{2}{G}
Rhys the Redeemed|G,W|{G/W}
Richard Garfield, Ph.D.|U|{3}{U}{U}
Rick, Steadfast Leader|W|{2}{W}{W}
Rielle, the Everwise|R,U|{1}{U}{R}
Rienne, Angel of Rebirth|G,R,W|{2}{R}{G}{W}
Rift||
Riku of Two Reflections|G,R,U|{2}{G}{U}{R}
Rin and Seri, Inseparable|G,R,W|{1}{R}{G}{W}
Rishkar, Peema Renegade|G|{2}{G}
Rith, the Awakener|G,R,W|{3}{R}{G}{W}
Riven Turnbull|B,U|{5}{U}{B}
Roalesk, Apex Hybrid|G,U|{2}{G}{G}{U}
Rofellos, Llanowar Emissary|G|{G}{G}
Rograkh, Son of Rohgahh|R|{0}
Rohgahh of Kher Keep|B,R|{2}{B}{B}{R}{R}
Rona, Disciple of Gix|B,U|{1}{U}{B}
Roon of the Hidden Realm|G,U,W|{2}{G}{W}{U}
Rorix Bladewing|R|{3}{R}{R}{R}
Rosheen Meanderer|G,R|{3}{R/G}
Rowan Kenrith|R|{4}{R}{R}
Rowan, Fearless Sparkmage|R|{3}{R}{R}
Rubinia Soulsinger|G,U,W|{2}{G}{W}{U}
Ruff, Underdog Champ|W|{2}{W}{W}
Ruhan of the Fomori|R,U,W|{1}{U}{R}{W}
Rune-Tail, Kitsune Ascendant // Rune-Tail's Essence|W|{2}{W}
Ruric Thar, the Unbowed|G,R|{4}{R}{G}
Ryusei, the Falling Star|R|{5}{R}
Sachi, Daughter of Seshiro|G|{2}{G}{G}
Saffi Eriksdotter|G,W|{G}{W}
Saheeli Rai|R,U|{1}{U}{R}
Saheeli, Sublime Artificer|R,U|{1}{U/R}{U/R}
Saheeli, the Gifted|R,U|{2}{U}{R}
Sai, Master Thopterist|U|{2}{U}
Sakashima of a Thousand Faces|U|{3}{U}
Sakashima the Impostor|U|{2}{U}{U}
Sakiko, Mother of Summer|G|{4}{G}{G}
Samut, Tyrant Smasher|G,R|{2}{R/G}{R/G}
Samut, Voice of Dissent|G,R,W|{3}{R}{G}
Samut, the Tested|G,R|{2}{R}{G}
Sanctum of All|B,G,R,U,W|{W}{U}{B}{R}{G}
Sanctum of Calm Waters|U|{3}{U}
Sanctum of Fruitful Harvest|G|{2}{G}
Sanctum of Shattered Heights|R|{2}{R}
Sanctum of Stone Fangs|B|{1}{B}
Sanctum of Tranquil Light|W|{W}
Sapling of Colfenor|B,G|{3}{B/G}{B/G}
Sarkhan Unbroken|G,R,U|{2}{G}{U}{R}
Sarkhan Vol|G,R|{2}{R}{G}
Sarkhan the Mad|B,R|{3}{B}{R}
Sarkhan the Masterless|R|{3}{R}{R}
Sarkhan, Dragonsoul|R|{4}{R}{R}
Sarkhan, Fireblood|R|{1}{R}{R}
Sarkhan, the Dragonspeaker|R|{3}{R}{R}
Sarulf, Realm Eater|B,G|{1}{B}{G}
Sasaya, Orochi Ascendant // Sasaya's Essence|G|{1}{G}{G}
Saskia the Unyielding|B,G,R,W|{B}{R}{G}{W}
Savra, Queen of the Golgari|B,G|{2}{B}{G}
Scion of the Ur-Dragon|B,G,R,U,W|{W}{U}{B}{R}{G}
Search for Azcanta // Azcanta, the Sunken Ruin|U|
Sedris, the Traitor King|B,R,U|{3}{U}{B}{R}
Seizan, Perverter of Truth|B|{3}{B}{B}
Sek'Kuar, Deathkeeper|B,G,R|{2}{B}{R}{G}
Sekki, Seasons' Guide|G|{5}{G}{G}{G}
Selenia, Dark Angel|B,W|{3}{W}{B}
Selvala, Explorer Returned|G,W|{1}{G}{W}
Selvala, Heart of the Wilds|G|{1}{G}{G}
Sen Triplets|B,U,W|{2}{W}{U}{B}
Sengir, the Dark Baron|B|{4}{B}{B}
Sensei Golden-Tail|W|{1}{W}
Sephara, Sky's Blade|W|{4}{W}{W}{W}
Serra the Benevolent|W|{2}{W}{W}
Serra's Sanctum|W|
Seshiro the Anointed|G|{4}{G}{G}
Sethron, Hurloon General|B,R|{3}{R}{R}
Seton, Krosan Protector|G|{G}{G}{G}
Sevinne, the Chronoclasm|R,U,W|{2}{U}{R}{W}
Shabraz, the Skyshark|U,W|{3}{W}{U}
Shadowspear||{1}
Shalai, Voice of Plenty|G,W|{3}{W}
Shanna, Sisay's Legacy|G,W|{G}{W}
Sharuum the Hegemon|B,U,W|{3}{W}{U}{B}
Shattergang Brothers|B,G,R|{1}{B}{R}{G}
Shauku, Endbringer|B|{5}{B}{B}
Shell of the Last Kappa||{3}
Sheoldred, Whispering One|B|{5}{B}{B}
Shield of Kaldra||{4}
Shimatsu the Bloodcloaked|R|{3}{R}
Shinka, the Bloodsoaked Keep|R|
Shirei, Shizo's Caretaker|B|{4}{B}
Shisato, Whispering Hunter|G|{3}{G}
Shivan Gorge|R|
Shizo, Death's Storehouse|B|
Shizuko, Caller of Autumn|G|{1}{G}{G}
Shu Yun, the Silent Tempest|R,U,W|{2}{U}
Siani, Eye of the Storm|U|{3}{U}
Sidar Jabari|W|{3}{W}
Sidar Kondo of Jamuraa|G,W|{2}{G}{W}
Sidisi, Brood Tyrant|B,G,U|{1}{B}{G}{U}
Sidisi, Undead Vizier|B|{3}{B}{B}
Sigarda, Heron's Grace|G,W|{3}{G}{W}
Sigarda, Host of Herons|G,W|{2}{G}{W}{W}
Sigrid, God-Favored|W|{1}{W}{W}
Silas Renn, Seeker Adept|B,U|{1}{U}{B}
Silumgar, the Drifting Death|B,U|{4}{U}{B}
Silvar, Devourer of the Free|B,R|{3}{B}{R}
Silvos, Rogue Elemental|G|{3}{G}{G}{G}
Sima Yi, Wei Field Marshal|B|{5}{B}
Siona, Captain of the Pyleas|G,W|{1}{G}{W}
Sir Shandlar of Eberyn|G,W|{4}{G}{W}
Sisay, Weatherlight Captain|B,G,R,U,W|{2}{W}
Sisters of Stone Death|B,G|{4}{B}{B}{G}{G}
Sivitri Scarzam|B,U|{5}{U}{B}
Skeleton Ship|B,U|{3}{U}{B}
Skithiryx, the Blight Dragon|B|{3}{B}{B}
Skullbriar, the Walking Grave|B,G|{B}{G}
Skyfire Kirin|R|{2}{R}{R}
Skyship Weatherlight||{4}
Skysovereign, Consul Flagship||{5}
Slimefoot, the Stowaway|B,G|{1}{B}{G}
Slinn Voda, the Rising Deep|U|{6}{U}{U}
Sliv-Mizzet, Hivemind|R,U|{2}{U}{U}{R}{R}
Slivdrazi Monstrosity|B,G,R,U,W|{C}{W}{U}{B}{R}{G}
Sliver Hivelord|B,G,R,U,W|{W}{U}{B}{R}{G}
Sliver Legion|B,G,R,U,W|{W}{U}{B}{R}{G}
Sliver Overlord|B,G,R,U,W|{W}{U}{B}{R}{G}
Sliver Queen|B,G,R,U,W|{W}{U}{B}{R}{G}
Slobad, Goblin Tinkerer|R|{1}{R}
Slurrk, All-Ingesting|G|{5}{G}
Snapdax, Apex of the Hunt|B,R,W|{1}{R}{W}{B}
Sol'kanar the Swamp King|B,R,U|{2}{U}{B}{R}
Sol, Advocate Eternal|B,G,U,W|{G}{W}{U}{B}
Soramaro, First to Dream|U|{4}{U}{U}
Soraya the Falconer|W|{1}{W}{W}
Sorin Markov|B|{3}{B}{B}{B}
Sorin, Grim Nemesis|B,W|{4}{W}{B}
Sorin, Imperious Bloodlord|B|{2}{B}
Sorin, Lord of Innistrad|B,W|{2}{W}{B}
Sorin, Solemn Visitor|B,W|{2}{W}{B}
Sorin, Vampire Lord|B|{4}{B}{B}
Sorin, Vengeful Bloodlord|B,W|{2}{W}{B}
Sosuke, Son of Seshiro|G|{2}{G}{G}
Spear of Heliod|W|{1}{W}{W}
Spike, Tournament Grinder|B|{2}{B/P}{B/P}
Spirit of the Night|B|{6}{B}{B}{B}
Squee, Goblin Nabob|R|{2}{R}
Squee, the Immortal|R|{1}{R}{R}
Sram, Senior Edificer|W|{1}{W}
Stangg|G,R|{4}{R}{G}
Starke of Rath|R|{1}{R}{R}
Stet, Draconic Proofreader|R,W|{4}{R}{R}
Stitcher Geralf|U|{3}{U}{U}
Stonebrow, Krosan Hero|G,R|{3}{R}{G}
Storm the Vault // Vault of Catlacan|R,U|
Storrev, Devkarin Lich|B,G|{1}{B}{B}{G}
Student of Elements // Tobita, Master of Winds|U|
Subira, Tulzidi Caravanner|R|{2}{R}
Sun Ce, Young Conquerer|U|{3}{U}{U}
Sun Quan, Lord of Wu|U|{4}{U}{U}
Sunastian Falconer|G,R|{3}{R}{G}
Surgeon General Commander|B,G,R,U,W|{3}{G}
Surrak Dragonclaw|G,R,U|{2}{G}{U}{R}
Surrak, the Hunt Caller|G|{2}{G}{G}
Sword of Kaldra||{4}
Sword of the Animist||{2}
Sword of the Chosen||{2}
Sydri, Galvanic Genius|B,U,W|{W}{U}{B}
Sygg, River Cutthroat|B,U|{U/B}{U/B}
Sygg, River Guide|U,W|{W}{U}
Sylvia Brightspear|W|{2}{W}
Syr Alin, the Lion's Claw|W|{3}{W}{W}
Syr Cadian, Knight Owl|B,W|{3}{W}{W}
Syr Carah, the Bold|R|{3}{R}{R}
Syr Elenora, the Discerning|U|{3}{U}{U}
Syr Faren, the Hengehammer|G|{G}{G}
Syr Gwyn, Hero of Ashvale|B,R,W|{3}{R}{W}{B}
Syr Konrad, the Grim|B|{3}{B}{B}
Szadek, Lord of Secrets|B,U|{3}{U}{U}{B}{B}
Taborax, Hope's Demise|B|{2}{B}
Tahngarth, First Mate|G,R|{2}{R}{G}
Tahngarth, Talruum Hero|R|{3}{R}{R}
Taigam, Ojutai Master|U,W|{2}{W}{U}
Taigam, Sidisi's Hand|B,U|{3}{U}{B}
Tajic, Blade of the Legion|R,W|{2}{R}{W}
Tajic, Legion's Edge|R,W|{1}{R}{W}
Takeno, Samurai General|W|{5}{W}
Talrand, Sky Summoner|U|{2}{U}{U}
Tamiyo's Journal||{5}
Tamiyo, Collector of Tales|G,U|{2}{G}{U}
Tamiyo, Field Researcher|G,U,W|{1}{G}{W}{U}
Tamiyo, the Moon Sage|U|{3}{U}{U}
Tana, the Bloodsower|G,R|{2}{R}{G}
Taniwha|U|{3}{U}{U}
Taranika, Akroan Veteran|W|{1}{W}{W}
Tariel, Reckoner of Souls|B,R,W|{4}{R}{W}{B}
Tarox Bladewing|R|{2}{R}{R}{R}
Tasigur, the Golden Fang|B,G,U|{5}{B}
Tatsumasa, the Dragon's Fang||{6}
Tatyova, Benthic Druid|G,U|{3}{G}{U}
Tawnos, Urza's Apprentice|R,U|{U}{R}
Tayam, Luminous Enigma|B,G,W|{1}{W}{B}{G}
Tazri, Beacon of Unity|B,G,R,U,W|{4}{W}
Teferi's Ageless Insight|U|{2}{U}{U}
Teferi's Isle|U|
Teferi, Hero of Dominaria|U,W|{3}{W}{U}
Teferi, Mage of Zhalfir|U|{2}{U}{U}{U}
Teferi, Master of Time|U|{2}{U}{U}
Teferi, Temporal Archmage|U|{4}{U}{U}
Teferi, Time Raveler|U,W|{1}{W}{U}
Teferi, Timebender|U,W|{4}{W}{U}
Teferi, Timeless Voyager|U|{4}{U}{U}
Telim'Tor|R|{4}{R}
Temmet, Vizier of Naktamun|U,W|{W}{U}
Teneb, the Harvester|B,G,W|{3}{W}{B}{G}
Tenza, Godo's Maul||{3}
Teshar, Ancestor's Apostle|W|{3}{W}
Tetsuko Umezawa, Fugitive|U|{1}{U}
Tetsuo Umezawa|B,R,U|{U}{B}{R}
Tetzimoc, Primal Death|B|{4}{B}{B}
Tevesh Szat, Doom of Fools|B|{4}{B}
Teyo, the Shieldmage|W|{2}{W}
Teysa Karlov|B,W|{2}{W}{B}
Teysa, Envoy of Ghosts|B,W|{5}{W}{B}
Teysa, Orzhov Scion|B,W|{1}{W}{B}
Tezzeret the Schemer|B,U|{2}{U}{B}
Tezzeret the Seeker|U|{3}{U}{U}
Tezzeret, Agent of Bolas|B,U|{2}{U}{B}
Tezzeret, Artifice Master|U|{3}{U}{U}
Tezzeret, Cruel Machinist|U|{4}{U}{U}
Tezzeret, Master of Metal|B,U|{4}{U}{B}
Tezzeret, Master of the Bridge|B,U|{4}{U}{B}
Thada Adel, Acquisitor|U|{1}{U}{U}
Thalia, Guardian of Thraben|W|{1}{W}
Thalia, Heretic Cathar|W|{2}{W}
Thalisse, Reverent Medium|B,W|{3}{W}{B}
Thantis, the Warweaver|B,G,R|{3}{B}{R}{G}
Thassa, Deep-Dwelling|U|{3}{U}
Thassa, God of the Sea|U|{2}{U}
That Which Was Taken||{5}
The Big Idea|B,R|{4}{R}{R}
The Cauldron of Eternity|B|{10}{B}{B}
The Chain Veil||{4}
The Circle of Loyalty|W|{4}{W}{W}
The First Sliver|B,G,R,U,W|{W}{U}{B}{R}{G}
The Gitrog Monster|B,G|{3}{B}{G}
The Grand Calcutron|U,W|{W}{U}
The Great Henge|G|{7}{G}{G}
The Haunt of Hightower|B|{4}{B}{B}
The Immortal Sun||{6}
The Lady of the Mountain|G,R|{4}{R}{G}
The Legend of Arena|R,U,W|{1}{U}{R}{W}
The Locust God|R,U|{4}{U}{R}
The Magic Mirror|U|{6}{U}{U}{U}
The Mimeoplasm|B,G,U|{2}{B}{G}{U}
The Ozolith||{1}
The Prismatic Piper||{5}
The Royal Scions|R,U|{1}{U}{R}
The Scarab God|B,U|{3}{U}{B}
The Scorpion God|B,R|{3}{B}{R}
The Tabernacle at Pendrell Vale||
The Unspeakable|U|{6}{U}{U}{U}
The Ur-Dragon|B,G,R,U,W|{4}{W}{U}{B}{R}{G}
The Wanderer|W|{3}{W}
Thelon of Havenwood|B,G|{G}{G}
Thran Temporal Gateway||{4}
Thrasios, Triton Hero|G,U|{G}{U}
Thraximundar|B,R,U|{4}{U}{B}{R}
Thriss, Nantuko Primus|G|{5}{G}{G}
Thromok the Insatiable|G,R|{3}{R}{G}
Throne of the God-Pharaoh||{2}
Thrumming Stone||{5}
Thrun, the Last Troll|G|{2}{G}{G}
Thryx, the Sudden Storm|U|{3}{U}{U}
Tiana, Ship's Caretaker|R,W|{3}{R}{W}
Tibalt the Chaotic|R|{1}{R}{R}
Tibalt, Rakish Instigator|R|{2}{R}
Tibalt, the Fiend-Blooded|R|{R}{R}
Tibor and Lumia|R,U|{2}{U}{R}
Timmy, Power Gamer|G|{2}{G}{G}
Tinybones, Trinket Thief|B|{1}{B}
Tishana, Voice of Thunder|G,U|{5}{G}{U}
Titania, Protector of Argoth|G|{3}{G}{G}
Tivadar of Thorn|W|{1}{W}{W}
Tobias Andrion|U,W|{3}{W}{U}
Toggo, Goblin Weaponsmith|R|{2}{R}
Tolaria|U|
Tolarian Academy|U|
Tolsimir Wolfblood|G,W|{4}{G}{W}
Tolsimir, Friend to Wolves|G,W|{2}{G}{G}{W}
Tomb of Urami|B|
Tomik, Distinguished Advokist|W|{W}{W}
Tomorrow, Azami's Familiar|U|{5}{U}
Toothy, Imaginary Friend|U|{3}{U}
Tor Wauki|B,R|{2}{B}{B}{R}
Torbran, Thane of Red Fell|R|{1}{R}{R}{R}
Torgaar, Famine Incarnate|B|{6}{B}{B}
Tormod, the Desecrator|B|{3}{B}
Torsten Von Ursus|G,W|{3}{G}{G}{W}
Toshiro Umezawa|B|{1}{B}{B}
Toski, Bearer of Secrets|G|{3}{G}
Traxos, Scourge of Kroog||{4}
Treva, the Renewer|G,U,W|{3}{G}{W}{U}
Triad of Fates|B,W|{2}{W}{B}
Tromokratis|U|{5}{U}{U}
Trostani Discordant|G,W|{3}{G}{W}
Trostani, Selesnya's Voice|G,W|{G}{G}{W}{W}
Trynn, Champion of Freedom|W|{3}{W}
Tsabo Tavoc|B,R|{5}{B}{R}
Tuknir Deathlock|G,R|{R}{R}{G}{G}
Tuktuk the Explorer|R|{2}{R}
Tuvasa the Sunlit|G,U,W|{G}{W}{U}
Tuya Bearclaw|G,R|{1}{R}{G}
Tymaret, Chosen from Death|B|{B}{B}
Tymaret, the Murder King|B,R|{B}{R}
Tymna the Weaver|B,W|{1}{W}{B}
Tyvar Kell|G|{2}{G}{G}
Ugin's Nexus||{5}
Ugin, the Ineffable||{6}
Ugin, the Spirit Dragon||{8}
Ukkima, Stalking Shadow|B,U|{1}{U}{B}
Ulamog, the Ceaseless Hunger||{10}
Ulamog, the Infinite Gyre||{11}
Ulasht, the Hate Seed|G,R|{2}{R}{G}
Ulrich of the Krallenhorde // Ulrich, Uncontested Alpha|G,R|{3}{R}{G}
Umezawa's Jitte||{2}
Umori, the Collector|B,G|{2}{B/G}{B/G}
Unesh, Criosphinx Sovereign|U|{4}{U}{U}
Unscythe, Killer of Kings|B,R,U|{U}{B}{B}{R}
Untaidake, the Cloud Keeper||
Ur-Drago|B,U|{3}{U}{U}{B}{B}
Urabrask the Hidden|R|{3}{R}{R}
Urborg|B|
Urborg, Tomb of Yawgmoth||
Urgoros, the Empty One|B|{4}{B}{B}
Uril, the Miststalker|G,R,W|{2}{R}{G}{W}
Uro, Titan of Nature's Wrath|G,U|{1}{G}{U}
Urza's Ruinous Blast|W|{4}{W}
Urza, Academy Headmaster|B,G,R,U,W|{W}{U}{B}{R}{G}
Urza, Lord High Artificer|U|{2}{U}{U}
Uyo, Silent Prophet|U|{4}{U}{U}
Vadrok, Apex of Thunder|R,U,W|{U}{R}{W}
Vaevictis Asmadi|B,G,R|{2}{B}{B}{R}{R}{G}{G}
Vaevictis Asmadi, the Dire|B,G,R|{3}{B}{R}{G}
Valduk, Keeper of the Flame|R|{2}{R}
Valki, God of Lies // Tibalt, Cosmic Impostor|B,R|{1}{B}
Vance's Blasting Cannons // Spitfire Bastion|R|
Varchild, Betrayer of Kjeldor|R|{2}{R}
Varina, Lich Queen|B,U,W|{1}{W}{U}{B}
Varolz, the Scar-Striped|B,G|{1}{B}{G}
Varragoth, Bloodsky Sire|B|{2}{B}
Vazal, the Compleat|G|{3}{G}{G}{G}
Vela the Night-Clad|B,U|{4}{U}{B}
Veldrane of Sengir|B|{5}{B}{B}
Vendilion Clique|U|{1}{U}{U}
Venser, Shaper Savant|U|{2}{U}{U}
Venser, the Sojourner|U,W|{3}{W}{U}
Verazol, the Split Current|G,U|{X}{G}{U}
Verdeloth the Ancient|G|{4}{G}{G}
Verix Bladewing|R|{2}{R}{R}
Vhati il-Dal|B,G|{2}{B}{G}
Vial Smasher the Fierce|B,R|{1}{B}{R}
Vilis, Broker of Blood|B|{5}{B}{B}{B}
Virtus the Veiled|B|{2}{B}
Visara the Dreadful|B|{3}{B}{B}{B}
Vish Kal, Blood Arbiter|B,W|{4}{W}{B}{B}
Vito, Thorn of the Dusk Rose|B|{2}{B}
Vivien Reid|G|{3}{G}{G}
Vivien of the Arkbow|G|{4}{G}{G}
Vivien's Arkbow|G|{1}{G}
Vivien, Arkbow Ranger|G|{1}{G}{G}{G}
Vivien, Champion of the Wilds|G|{2}{G}
Vivien, Monsters' Advocate|G|{3}{G}{G}
Vivien, Nature's Avenger|G|{4}{G}{G}
Volrath the Fallen|B|{3}{B}{B}{B}
Volrath's Stronghold|B|
Volrath, the Shapestealer|B,G,U|{2}{B}{G}{U}
Vona, Butcher of Magan|B,W|{3}{W}{B}
Vorel of the Hull Clade|G,U|{1}{G}{U}
Vorinclex, Monstrous Raider|G|{4}{G}{G}
Vorinclex, Voice of Hunger|G|{6}{G}{G}
Vorosh, the Hunter|B,G,U|{3}{B}{G}{U}
Vraska the Unseen|B,G|{3}{B}{G}
Vraska, Golgari Queen|B,G|{2}{B}{G}
Vraska, Regal Gorgon|B,G|{5}{B}{G}
Vraska, Relic Seeker|B,G|{4}{B}{G}
Vraska, Scheming Gorgon|B|{4}{B}{B}
Vraska, Swarm's Eminence|B,G|{2}{B/G}{B/G}
Wasitora, Nekoru Queen|B,G,R|{2}{B}{R}{G}
Weatherlight||{4}
Westvale Abbey // Ormendahl, Profane Prince|B|
Whip of Erebos|B|{2}{B}{B}
Whisper, Blood Liturgist|B|{3}{B}
Will Kenrith|U|{4}{U}{U}
Winota, Joiner of Forces|R,W|{2}{R}{W}
Wort, Boggart Auntie|B,R|{2}{B}{R}
Wort, the Raidmother|G,R|{4}{R/G}{R/G}
Wrenn and Six|G,R|{R}{G}
Wrexial, the Risen Deep|B,U|{3}{U}{U}{B}
Wydwen, the Biting Gale|B,U|{2}{U}{B}
Wyleth, Soul of Steel|R,W|{1}{R}{W}
X|B,U|{U}{B}
Xantcha, Sleeper Agent|B,R|{1}{B}{R}
Xenagos, God of Revels|G,R|{3}{R}{G}
Xenagos, the Reveler|G,R|{2}{R}{G}
Xiahou Dun, the One-Eyed|B|{2}{B}{B}
Xira Arien|B,G,R|{B}{R}{G}
Xun Yu, Wei Advisor|B|{1}{B}{B}
Xyris, the Writhing Storm|G,R,U|{2}{G}{U}{R}
Yahenni, Undying Partisan|B|{2}{B}
Yannik, Scavenging Sentinel|G,W|{2}{G}{W}
Yargle, Glutton of Urborg|B|{4}{B}
Yarok, the Desecrated|B,G,U|{2}{B}{G}{U}
Yasharn, Implacable Earth|G,W|{2}{G}{W}
Yasova Dragonclaw|G,R,U|{2}{G}
Yavimaya Hollow|G|
Yawgmoth's Vile Offering|B|{4}{B}
Yawgmoth, Thran Physician|B|{2}{B}{B}
Yennett, Cryptic Sovereign|B,U,W|{2}{W}{U}{B}
Yeva, Nature's Herald|G|{2}{G}{G}
Yidaro, Wandering Monster|R|{5}{R}{R}
Yidris, Maelstrom Wielder|B,G,R,U|{U}{B}{R}{G}
Yisan, the Wanderer Bard|G|{2}{G}
Yomiji, Who Bars the Way|W|{5}{W}{W}
Yorion, Sky Nomad|U,W|{3}{W/U}{W/U}
Yorvo, Lord of Garenbrig|G|{G}{G}{G}
Yosei, the Morning Star|W|{4}{W}{W}
Yuan Shao, the Indecisive|R|{4}{R}
Yukora, the Prisoner|B|{2}{B}{B}
Yuriko, the Tiger's Shadow|B,U|{1}{U}{B}
Yurlok of Scorch Thrash|B,G,R|{1}{B}{R}{G}
Zacama, Primal Calamity|G,R,W|{6}{R}{G}{W}
Zada, Hedron Grinder|R|{3}{R}
Zagras, Thief of Heartbeats|B,R|{4}{B}{R}
Zahid, Djinn of the Lamp|U|{4}{U}{U}
Zara, Renegade Recruiter|R,U|{3}{U}{R}
Zareth San, the Trickster|B,U|{3}{U}{B}
Zaxara, the Exemplary|B,G,U|{1}{B}{G}{U}
Zedruu the Greathearted|R,U,W|{1}{U}{R}{W}
Zegana, Utopian Speaker|G,U|{2}{G}{U}
Zetalpa, Primal Dawn|W|{6}{W}{W}
Zhang Fei, Fierce Warrior|W|{4}{W}{W}
Zhang He, Wei General|B|{3}{B}{B}
Zhang Liao, Hero of Hefei|B|{4}{B}{B}
Zhao Zilong, Tiger General|W|{3}{W}{W}
Zhou Yu, Chief Commander|U|{5}{U}{U}
Zhuge Jin, Wu Strategist|U|{1}{U}{U}
Zilortha, Strength Incarnate|G,R|{3}{R}{G}
Zirda, the Dawnwaker|R,W|{1}{R/W}{R/W}
Zirilan of the Claw|R|{3}{R}{R}
Zndrsplt, Eye of Wisdom|U|{4}{U}
Zo-Zu the Punisher|R|{1}{R}{R}
Zuberi, Golden Feather|W|{4}{W}
Zuo Ci, the Mocking Sage|G|{1}{G}{G}
Zur the Enchanter|B,U,W|{1}{W}{U}{B}
Zurgo Bellstriker|R|{R}
Zurgo Helmsmasher|B,R,W|{2}{R}{W}{B}
Zurzoth, Chaos Rider|R|{2}{R}
Zyym, Mesmeric Lord|B,U|{1}{U}{B}{B}